model,final_capital,total_return_pct,cagr,max_drawdown_pct,calmar,sharpe,sortino,expected_shortfall,periods_per_year
GGAL ADR buy-and-hold,193679.77785817336,93.67977785817337,9.282978835540657,-84.47237485839722,0.10989366465784708,0.48172892109043697,0.4912714820870513,-0.08489532185715407,252.0
Merval en USD,272018.9342799316,172.0189342799316,14.383210633105904,-76.27979811166932,0.18855858286422958,0.5479397593698414,0.5394461803951163,-0.07099543014518615,252.0
